"","scientificName","family","decimalLongitude","decimalLatitude","date_year","datasetName","month","season","ecoregion"
"1","Onychoprion fuscatus","Laridae",-73.0833,22.6,1970,"PIROP Northwest Atlantic 1965-1992",6,"Summer","Bahamas"
"2","Puffinus lherminieri","Procellariidae",-73.05,22.6667,1970,"PIROP Northwest Atlantic 1965-1992",6,"Summer","Bahamas"
"3","Anous stolidus","Sternidae",-73.0667,22.6333,1970,"PIROP Northwest Atlantic 1965-1992",6,"Summer","Bahamas"
"4","Phaethon lepturus","Phaethontidae",-72.9667,22.9333,1970,"PIROP Northwest Atlantic 1965-1992",6,"Summer","Bahamas"
"5","Puffinus lherminieri","Procellariidae",-73.2833,22.3333,1970,"PIROP Northwest Atlantic 1965-1992",6,"Summer","Bahamas"
"6","Onychoprion fuscatus","Laridae",-73.1,22.5667,1970,"PIROP Northwest Atlantic 1965-1992",6,"Summer","Bahamas"
"7","Onychoprion fuscatus","Laridae",-73.0667,22.6333,1970,"PIROP Northwest Atlantic 1965-1992",6,"Summer","Bahamas"
"8","Sula leucogaster","Sulidae",-73.1,22.5667,1970,"PIROP Northwest Atlantic 1965-1992",6,"Summer","Bahamas"
"9","Puffinus lherminieri","Procellariidae",-73.65,21.35,1970,"PIROP Northwest Atlantic 1965-1992",6,"Summer","Bahamas"
"10","Sula leucogaster","Sulidae",-73.0667,22.6333,1970,"PIROP Northwest Atlantic 1965-1992",6,"Summer","Bahamas"
"11","Puffinus lherminieri","Procellariidae",-72.95,22.9667,1970,"PIROP Northwest Atlantic 1965-1992",6,"Summer","Bahamas"
"12","Sterna hirundo","Sternidae",-73.1333,22.5,1970,"PIROP Northwest Atlantic 1965-1992",6,"Summer","Bahamas"
"13","Sula leucogaster","Sulidae",-73.1167,22.5333,1970,"PIROP Northwest Atlantic 1965-1992",6,"Summer","Bahamas"
"14","Fregata magnificens","Fregatidae",-73.5333,21.6333,1970,"PIROP Northwest Atlantic 1965-1992",6,"Summer","Bahamas"
"15","Puffinus lherminieri","Procellariidae",-73.5333,21.6333,1970,"PIROP Northwest Atlantic 1965-1992",6,"Summer","Bahamas"
"16","Oceanodroma tethys","Hydrobatidae",-89.4667,11.5333,1970,"PIROP Northwest Atlantic 1965-1992",6,"Summer","Chiapas Nicaragua"
"17","Oceanodroma tethys","Hydrobatidae",-94.9167,14.1667,1970,"PIROP Northwest Atlantic 1965-1992",6,"Summer","Chiapas Nicaragua"
"18","Puffinus lherminieri","Procellariidae",-94.0333,13.7167,1970,"PIROP Northwest Atlantic 1965-1992",6,"Summer","Chiapas Nicaragua"
"19","Oceanodroma tethys","Hydrobatidae",-90.2333,11.8833,1970,"PIROP Northwest Atlantic 1965-1992",6,"Summer","Chiapas Nicaragua"
"20","Oceanodroma tethys","Hydrobatidae",-95.0667,14.2333,1970,"PIROP Northwest Atlantic 1965-1992",6,"Summer","Chiapas Nicaragua"
"21","Oceanodroma tethys","Hydrobatidae",-93.7667,13.6,1970,"PIROP Northwest Atlantic 1965-1992",6,"Summer","Chiapas Nicaragua"
"22","Puffinus griseus","Procellariidae",-95.4,14.4,1970,"PIROP Northwest Atlantic 1965-1992",6,"Summer","Chiapas Nicaragua"
"23","Sula leucogaster","Sulidae",-88.3667,10.9833,1970,"PIROP Northwest Atlantic 1965-1992",6,"Summer","Chiapas Nicaragua"
"24","Oceanodroma tethys","Hydrobatidae",-89.2833,11.4167,1970,"PIROP Northwest Atlantic 1965-1992",6,"Summer","Chiapas Nicaragua"
"25","Puffinus lherminieri","Procellariidae",-94.9167,14.1667,1970,"PIROP Northwest Atlantic 1965-1992",6,"Summer","Chiapas Nicaragua"
"26","Puffinus puffinus","Procellariidae",-93.8833,13.6667,1970,"PIROP Northwest Atlantic 1965-1992",6,"Summer","Chiapas Nicaragua"
"27","Sula dactylatra","Sulidae",-90.0167,11.7833,1970,"PIROP Northwest Atlantic 1965-1992",6,"Summer","Chiapas Nicaragua"
"28","Puffinus pacificus","Procellariidae",-93.8,13.6167,1970,"PIROP Northwest Atlantic 1965-1992",6,"Summer","Chiapas Nicaragua"
"29","Oceanodroma tethys","Hydrobatidae",-89.2833,11.4167,1970,"PIROP Northwest Atlantic 1965-1992",6,"Summer","Chiapas Nicaragua"
"30","Puffinus pacificus","Procellariidae",-94.3333,13.8833,1970,"PIROP Northwest Atlantic 1965-1992",6,"Summer","Chiapas Nicaragua"
"31","Puffinus lherminieri","Procellariidae",-95.1333,14.2667,1970,"PIROP Northwest Atlantic 1965-1992",6,"Summer","Chiapas Nicaragua"
"32","Puffinus lherminieri","Procellariidae",-94.6667,14.05,1970,"PIROP Northwest Atlantic 1965-1992",6,"Summer","Chiapas Nicaragua"
"33","Onychoprion fuscatus","Laridae",-94.95,14.1833,1970,"PIROP Northwest Atlantic 1965-1992",6,"Summer","Chiapas Nicaragua"
"34","Oceanodroma tethys","Hydrobatidae",-89.4167,11.5,1970,"PIROP Northwest Atlantic 1965-1992",6,"Summer","Chiapas Nicaragua"
"35","Sula dactylatra","Sulidae",-93.35,13.4,1970,"PIROP Northwest Atlantic 1965-1992",6,"Summer","Chiapas Nicaragua"
"36","Oceanodroma tethys","Hydrobatidae",-89.2167,11.3833,1970,"PIROP Northwest Atlantic 1965-1992",6,"Summer","Chiapas Nicaragua"
"37","Puffinus lherminieri","Procellariidae",-95.0167,14.2167,1970,"PIROP Northwest Atlantic 1965-1992",6,"Summer","Chiapas Nicaragua"
"38","Oceanodroma tethys","Hydrobatidae",-89.45,11.5167,1970,"PIROP Northwest Atlantic 1965-1992",6,"Summer","Chiapas Nicaragua"
"39","Oceanodroma tethys","Hydrobatidae",-95.4,14.4,1970,"PIROP Northwest Atlantic 1965-1992",6,"Summer","Chiapas Nicaragua"
"40","Oceanodroma tethys","Hydrobatidae",-89.25,11.4,1970,"PIROP Northwest Atlantic 1965-1992",6,"Summer","Chiapas Nicaragua"
"41","Puffinus lherminieri","Procellariidae",-93.8833,13.6667,1970,"PIROP Northwest Atlantic 1965-1992",6,"Summer","Chiapas Nicaragua"
"42","Oceanodroma tethys","Hydrobatidae",-90.8333,12.1667,1970,"PIROP Northwest Atlantic 1965-1992",6,"Summer","Chiapas Nicaragua"
"43","Oceanodroma tethys","Hydrobatidae",-90.35,11.9333,1970,"PIROP Northwest Atlantic 1965-1992",6,"Summer","Chiapas Nicaragua"
"44","Onychoprion fuscatus","Laridae",-74.0167,20.3167,1970,"PIROP Northwest Atlantic 1965-1992",6,"Summer","Greater Antilles"
"45","Onychoprion fuscatus","Laridae",-74.0167,20.3167,1970,"PIROP Northwest Atlantic 1965-1992",6,"Summer","Greater Antilles"
"46","Sula sula","Sulidae",-75.0667,18.35,1970,"PIROP Northwest Atlantic 1965-1992",6,"Summer","Greater Antilles"
"47","Onychoprion fuscatus","Laridae",-75.5833,17.5,1970,"PIROP Northwest Atlantic 1965-1992",6,"Summer","Greater Antilles"
"48","Onychoprion fuscatus","Laridae",-76.0167,16.6833,1970,"PIROP Northwest Atlantic 1965-1992",6,"Summer","Greater Antilles"
"49","Sula sula","Sulidae",-75.05,18.3833,1970,"PIROP Northwest Atlantic 1965-1992",6,"Summer","Greater Antilles"
"50","Sula sula","Sulidae",-75,18.4333,1970,"PIROP Northwest Atlantic 1965-1992",6,"Summer","Greater Antilles"
"51","Onychoprion fuscatus","Laridae",-75.7333,17.1667,1970,"PIROP Northwest Atlantic 1965-1992",6,"Summer","Greater Antilles"
"52","Onychoprion fuscatus","Laridae",-74.0333,20.2833,1970,"PIROP Northwest Atlantic 1965-1992",6,"Summer","Greater Antilles"
"53","Anous stolidus","Sternidae",-75.65,17.3667,1970,"PIROP Northwest Atlantic 1965-1992",6,"Summer","Greater Antilles"
"54","Stercorarius parasiticus","Stercorariidae",-67.3833,44.3333,1971,"PIROP Northwest Atlantic 1965-1992",5,"Spring","Gulf of Maine/ Bay of Fundy"
"55","Puffinus gravis","Procellariidae",-67.1333,44.5333,1971,"PIROP Northwest Atlantic 1965-1992",8,"Summer","Gulf of Maine/ Bay of Fundy"
"56","Stercorarius parasiticus","Stercorariidae",-67.1833,42.1,1971,"PIROP Northwest Atlantic 1965-1992",5,"Spring","Gulf of Maine/ Bay of Fundy"
"57","Puffinus gravis","Procellariidae",-67.4,44.1667,1972,"PIROP Northwest Atlantic 1965-1992",9,"Fall","Gulf of Maine/ Bay of Fundy"
"58","Larus marinus","Laridae",-67.6833,42.0667,1971,"PIROP Northwest Atlantic 1965-1992",5,"Spring","Gulf of Maine/ Bay of Fundy"
"59","Puffinus gravis","Procellariidae",-66.2167,40.1167,1977,"PIROP Northwest Atlantic 1965-1992",10,"Fall","Gulf of Maine/ Bay of Fundy"
"60","Sterna paradisaea","Sternidae",-67.1333,44.5333,1971,"PIROP Northwest Atlantic 1965-1992",8,"Summer","Gulf of Maine/ Bay of Fundy"
"61","Puffinus gravis","Procellariidae",-67.0833,44.5167,1971,"PIROP Northwest Atlantic 1965-1992",8,"Summer","Gulf of Maine/ Bay of Fundy"
"62","Larus argentatus","Laridae",-67.3833,44.3333,1971,"PIROP Northwest Atlantic 1965-1992",5,"Spring","Gulf of Maine/ Bay of Fundy"
"63","Larus argentatus","Laridae",-67.5667,42.05,1971,"PIROP Northwest Atlantic 1965-1992",5,"Spring","Gulf of Maine/ Bay of Fundy"
"64","Puffinus griseus","Procellariidae",-67.4,44.1667,1972,"PIROP Northwest Atlantic 1965-1992",9,"Fall","Gulf of Maine/ Bay of Fundy"
"65","Larus marinus","Laridae",-67.6833,42.05,1971,"PIROP Northwest Atlantic 1965-1992",5,"Spring","Gulf of Maine/ Bay of Fundy"
"66","Larus argentatus","Laridae",-67.6833,42.05,1971,"PIROP Northwest Atlantic 1965-1992",5,"Spring","Gulf of Maine/ Bay of Fundy"
"67","Puffinus gravis","Procellariidae",-67.1,44.5333,1971,"PIROP Northwest Atlantic 1965-1992",8,"Summer","Gulf of Maine/ Bay of Fundy"
"68","Larus marinus","Laridae",-67.85,43.7333,1971,"PIROP Northwest Atlantic 1965-1992",5,"Spring","Gulf of Maine/ Bay of Fundy"
"69","Fratercula arctica","Alcidae",-67.1333,44.55,1971,"PIROP Northwest Atlantic 1965-1992",7,"Summer","Gulf of Maine/ Bay of Fundy"
"70","Oceanites oceanicus","Hydrobatidae",-68.0167,44.3333,1972,"PIROP Northwest Atlantic 1965-1992",9,"Fall","Gulf of Maine/ Bay of Fundy"
"71","Larus marinus","Laridae",-67.3833,44.1667,1973,"PIROP Northwest Atlantic 1965-1992",2,"Winter","Gulf of Maine/ Bay of Fundy"
"72","Larus marinus","Laridae",-67.7667,43.7333,1971,"PIROP Northwest Atlantic 1965-1992",5,"Spring","Gulf of Maine/ Bay of Fundy"
"73","Larus argentatus","Laridae",-67.1333,44.55,1971,"PIROP Northwest Atlantic 1965-1992",8,"Summer","Gulf of Maine/ Bay of Fundy"
"74","Fratercula arctica","Alcidae",-67.1333,44.5333,1971,"PIROP Northwest Atlantic 1965-1992",8,"Summer","Gulf of Maine/ Bay of Fundy"
"75","Morus bassanus","Sulidae",-67.1167,44.5167,1971,"PIROP Northwest Atlantic 1965-1992",7,"Summer","Gulf of Maine/ Bay of Fundy"
"76","Sterna hirundo","Sternidae",-67.5667,42.05,1971,"PIROP Northwest Atlantic 1965-1992",5,"Spring","Gulf of Maine/ Bay of Fundy"
"77","Puffinus griseus","Procellariidae",-67.0833,44.5167,1971,"PIROP Northwest Atlantic 1965-1992",8,"Summer","Gulf of Maine/ Bay of Fundy"
"78","Calonectris diomedea","Procellariidae",-66.15,40.2333,1977,"PIROP Northwest Atlantic 1965-1992",10,"Fall","Gulf of Maine/ Bay of Fundy"
"79","Fratercula arctica","Alcidae",-67.1167,44.5667,1971,"PIROP Northwest Atlantic 1965-1992",8,"Summer","Gulf of Maine/ Bay of Fundy"
"80","Larus marinus","Laridae",-67.6833,42.05,1971,"PIROP Northwest Atlantic 1965-1992",5,"Spring","Gulf of Maine/ Bay of Fundy"
"81","Fratercula arctica","Alcidae",-67.1167,44.5167,1971,"PIROP Northwest Atlantic 1965-1992",8,"Summer","Gulf of Maine/ Bay of Fundy"
"82","Larus marinus","Laridae",-67.15,44.6,1971,"PIROP Northwest Atlantic 1965-1992",8,"Summer","Gulf of Maine/ Bay of Fundy"
"83","Puffinus griseus","Procellariidae",-67.1,44.5333,1971,"PIROP Northwest Atlantic 1965-1992",8,"Summer","Gulf of Maine/ Bay of Fundy"
"84","Fulmarus glacialis","Procellariidae",-67.55,43.9833,1973,"PIROP Northwest Atlantic 1965-1992",2,"Winter","Gulf of Maine/ Bay of Fundy"
"85","Larus argentatus","Laridae",-67.5333,44.1333,1971,"PIROP Northwest Atlantic 1965-1992",5,"Spring","Gulf of Maine/ Bay of Fundy"
"86","Larus marinus","Laridae",-67.1667,44.6167,1971,"PIROP Northwest Atlantic 1965-1992",8,"Summer","Gulf of Maine/ Bay of Fundy"
"87","Fratercula arctica","Alcidae",-67.1,44.55,1971,"PIROP Northwest Atlantic 1965-1992",8,"Summer","Gulf of Maine/ Bay of Fundy"
"88","Larus argentatus","Laridae",-67.85,43.7333,1971,"PIROP Northwest Atlantic 1965-1992",5,"Spring","Gulf of Maine/ Bay of Fundy"
"89","Larus marinus","Laridae",-67.1333,44.55,1971,"PIROP Northwest Atlantic 1965-1992",7,"Summer","Gulf of Maine/ Bay of Fundy"
"90","Puffinus gravis","Procellariidae",-67.1167,44.5667,1971,"PIROP Northwest Atlantic 1965-1992",8,"Summer","Gulf of Maine/ Bay of Fundy"
"91","Puffinus gravis","Procellariidae",-67.1,44.5333,1971,"PIROP Northwest Atlantic 1965-1992",8,"Summer","Gulf of Maine/ Bay of Fundy"
"92","Puffinus griseus","Procellariidae",-67.1167,44.5167,1971,"PIROP Northwest Atlantic 1965-1992",7,"Summer","Gulf of Maine/ Bay of Fundy"
"93","Morus bassanus","Sulidae",-67.4,44.1667,1972,"PIROP Northwest Atlantic 1965-1992",9,"Fall","Gulf of Maine/ Bay of Fundy"
"94","Larus marinus","Laridae",-66.1,40.35,1977,"PIROP Northwest Atlantic 1965-1992",10,"Fall","Gulf of Maine/ Bay of Fundy"
"95","Fratercula arctica","Alcidae",-67.1333,44.5833,1971,"PIROP Northwest Atlantic 1965-1992",8,"Summer","Gulf of Maine/ Bay of Fundy"
"96","Puffinus puffinus","Procellariidae",-68.0167,44.3333,1972,"PIROP Northwest Atlantic 1965-1992",9,"Fall","Gulf of Maine/ Bay of Fundy"
"97","Larus marinus","Laridae",-67.6833,44.1667,1971,"PIROP Northwest Atlantic 1965-1992",5,"Spring","Gulf of Maine/ Bay of Fundy"
"98","Fratercula arctica","Alcidae",-67.1333,44.5333,1971,"PIROP Northwest Atlantic 1965-1992",8,"Summer","Gulf of Maine/ Bay of Fundy"
"99","Puffinus puffinus","Procellariidae",-67.0833,44.5167,1971,"PIROP Northwest Atlantic 1965-1992",8,"Summer","Gulf of Maine/ Bay of Fundy"
"100","Puffinus puffinus","Procellariidae",-67.15,44.6,1971,"PIROP Northwest Atlantic 1965-1992",8,"Summer","Gulf of Maine/ Bay of Fundy"
"101","Larus marinus","Laridae",-67.3667,44.1167,1973,"PIROP Northwest Atlantic 1965-1992",2,"Winter","Gulf of Maine/ Bay of Fundy"
"102","Puffinus puffinus","Procellariidae",-67.1667,44.6167,1971,"PIROP Northwest Atlantic 1965-1992",8,"Summer","Gulf of Maine/ Bay of Fundy"
"103","Puffinus puffinus","Procellariidae",-67.0833,44.5167,1971,"PIROP Northwest Atlantic 1965-1992",8,"Summer","Gulf of Maine/ Bay of Fundy"
"104","Sterna hirundo","Sternidae",-67.3833,44.3333,1971,"PIROP Northwest Atlantic 1965-1992",5,"Spring","Gulf of Maine/ Bay of Fundy"
"105","Fratercula arctica","Alcidae",-67.1333,44.55,1971,"PIROP Northwest Atlantic 1965-1992",7,"Summer","Gulf of Maine/ Bay of Fundy"
"106","Puffinus puffinus","Procellariidae",-67.1167,44.5667,1971,"PIROP Northwest Atlantic 1965-1992",8,"Summer","Gulf of Maine/ Bay of Fundy"
"107","Puffinus griseus","Procellariidae",-67.0833,44.5167,1971,"PIROP Northwest Atlantic 1965-1992",8,"Summer","Gulf of Maine/ Bay of Fundy"
"108","Puffinus puffinus","Procellariidae",-67.15,44.6,1971,"PIROP Northwest Atlantic 1965-1992",8,"Summer","Gulf of Maine/ Bay of Fundy"
"109","Larus marinus","Laridae",-67.3833,43.9833,1973,"PIROP Northwest Atlantic 1965-1992",2,"Winter","Gulf of Maine/ Bay of Fundy"
"110","Oceanodroma leucorhoa","Hydrobatidae",-67.5667,44.2,1972,"PIROP Northwest Atlantic 1965-1992",9,"Fall","Gulf of Maine/ Bay of Fundy"
"111","Larus argentatus","Laridae",-67.35,44.0667,1973,"PIROP Northwest Atlantic 1965-1992",2,"Winter","Gulf of Maine/ Bay of Fundy"
"112","Larus argentatus","Laridae",-67.7667,43.7333,1971,"PIROP Northwest Atlantic 1965-1992",5,"Spring","Gulf of Maine/ Bay of Fundy"
"113","Larus marinus","Laridae",-67.6833,44.1667,1971,"PIROP Northwest Atlantic 1965-1992",5,"Spring","Gulf of Maine/ Bay of Fundy"
"114","Fratercula arctica","Alcidae",-67.15,44.6,1971,"PIROP Northwest Atlantic 1965-1992",8,"Summer","Gulf of Maine/ Bay of Fundy"
"115","Larus argentatus","Laridae",-67.4,44.2333,1973,"PIROP Northwest Atlantic 1965-1992",2,"Winter","Gulf of Maine/ Bay of Fundy"
"116","Puffinus griseus","Procellariidae",-110.1667,22.9333,1970,"PIROP Northwest Atlantic 1965-1992",6,"Summer","Magdalena Transition"
"117","Puffinus creatopus","Procellariidae",-113.1833,25.55,1970,"PIROP Northwest Atlantic 1965-1992",6,"Summer","Magdalena Transition"
"118","Puffinus creatopus","Procellariidae",-112.75,25.2,1970,"PIROP Northwest Atlantic 1965-1992",6,"Summer","Magdalena Transition"
"119","Xema sabini","Laridae",-112.75,25.2,1970,"PIROP Northwest Atlantic 1965-1992",6,"Summer","Magdalena Transition"
"120","Puffinus creatopus","Procellariidae",-113.1833,25.55,1970,"PIROP Northwest Atlantic 1965-1992",6,"Summer","Magdalena Transition"
"121","Pterodroma cookii","Procellariidae",-110.2167,22.9833,1970,"PIROP Northwest Atlantic 1965-1992",6,"Summer","Magdalena Transition"
"122","Oceanodroma melania","Hydrobatidae",-113.6833,26.0333,1970,"PIROP Northwest Atlantic 1965-1992",6,"Summer","Magdalena Transition"
"123","Oceanodroma melania","Hydrobatidae",-113.4,25.75,1970,"PIROP Northwest Atlantic 1965-1992",6,"Summer","Magdalena Transition"
"124","Puffinus creatopus","Procellariidae",-110.1667,22.9333,1970,"PIROP Northwest Atlantic 1965-1992",6,"Summer","Magdalena Transition"
"125","Oceanodroma melania","Hydrobatidae",-110.45,23.1833,1970,"PIROP Northwest Atlantic 1965-1992",6,"Summer","Magdalena Transition"
"126","Puffinus puffinus","Procellariidae",-110.2167,22.9833,1970,"PIROP Northwest Atlantic 1965-1992",6,"Summer","Magdalena Transition"
"127","Puffinus puffinus","Procellariidae",-113.0667,25.4333,1970,"PIROP Northwest Atlantic 1965-1992",6,"Summer","Magdalena Transition"
"128","Phoebastria nigripes","Diomedeidae",-112.4833,24.8667,1970,"PIROP Northwest Atlantic 1965-1992",6,"Summer","Magdalena Transition"
"129","Puffinus creatopus","Procellariidae",-112.7833,25.2333,1970,"PIROP Northwest Atlantic 1965-1992",6,"Summer","Magdalena Transition"
"130","Oceanodroma leucorhoa","Hydrobatidae",-113.3167,25.2667,1970,"PIROP Northwest Atlantic 1965-1992",6,"Summer","Magdalena Transition"
"131","Fulmarus glacialis","Procellariidae",-110.1,22.85,1970,"PIROP Northwest Atlantic 1965-1992",6,"Summer","Magdalena Transition"
"132","Oceanodroma melania","Hydrobatidae",-112.5,24.8833,1970,"PIROP Northwest Atlantic 1965-1992",6,"Summer","Magdalena Transition"
"133","Puffinus creatopus","Procellariidae",-110.1,22.85,1970,"PIROP Northwest Atlantic 1965-1992",6,"Summer","Magdalena Transition"
"134","Puffinus creatopus","Procellariidae",-113.4,25.75,1970,"PIROP Northwest Atlantic 1965-1992",6,"Summer","Magdalena Transition"
"135","Oceanodroma leucorhoa","Hydrobatidae",-113.35,25.7,1970,"PIROP Northwest Atlantic 1965-1992",6,"Summer","Magdalena Transition"
"136","Oceanodroma melania","Hydrobatidae",-104.3167,18.75,1970,"PIROP Northwest Atlantic 1965-1992",6,"Summer","Mexican Tropical Pacific"
"137","Sula leucogaster","Sulidae",-104.4167,18.8333,1970,"PIROP Northwest Atlantic 1965-1992",6,"Summer","Mexican Tropical Pacific"
"138","Oceanodroma tethys","Hydrobatidae",-104.4167,18.8333,1970,"PIROP Northwest Atlantic 1965-1992",6,"Summer","Mexican Tropical Pacific"
"139","Oceanodroma melania","Hydrobatidae",-105.1167,19.2833,1970,"PIROP Northwest Atlantic 1965-1992",6,"Summer","Mexican Tropical Pacific"
"140","Puffinus lherminieri","Procellariidae",-103.85,18.4333,1970,"PIROP Northwest Atlantic 1965-1992",6,"Summer","Mexican Tropical Pacific"
"141","Fregata magnificens","Fregatidae",-98.4667,16.0333,1970,"PIROP Northwest Atlantic 1965-1992",6,"Summer","Mexican Tropical Pacific"
"142","Puffinus carneipes","Procellariidae",-104.35,18.7833,1970,"PIROP Northwest Atlantic 1965-1992",6,"Summer","Mexican Tropical Pacific"
"143","Puffinus carneipes","Procellariidae",-109.3167,22.2667,1970,"PIROP Northwest Atlantic 1965-1992",6,"Summer","Mexican Tropical Pacific"
"144","Phaethon aethereus","Phaethontidae",-100.8,17.1,1970,"PIROP Northwest Atlantic 1965-1992",6,"Summer","Mexican Tropical Pacific"
"145","Oceanodroma melania","Hydrobatidae",-104.1167,18.6333,1970,"PIROP Northwest Atlantic 1965-1992",6,"Summer","Mexican Tropical Pacific"
"146","Puffinus lherminieri","Procellariidae",-104.9,19.1333,1970,"PIROP Northwest Atlantic 1965-1992",6,"Summer","Mexican Tropical Pacific"
"147","Onychoprion fuscatus","Laridae",-98.8667,16.2,1970,"PIROP Northwest Atlantic 1965-1992",6,"Summer","Mexican Tropical Pacific"
"148","Oceanodroma tethys","Hydrobatidae",-108.3833,21.6167,1970,"PIROP Northwest Atlantic 1965-1992",6,"Summer","Mexican Tropical Pacific"
"149","Oceanodroma melania","Hydrobatidae",-104.2,18.6833,1970,"PIROP Northwest Atlantic 1965-1992",6,"Summer","Mexican Tropical Pacific"
"150","Puffinus lherminieri","Procellariidae",-104.15,18.65,1970,"PIROP Northwest Atlantic 1965-1992",6,"Summer","Mexican Tropical Pacific"
"151","Onychoprion fuscatus","Laridae",-100.75,17.0833,1970,"PIROP Northwest Atlantic 1965-1992",6,"Summer","Mexican Tropical Pacific"
"152","Sula dactylatra","Sulidae",-104.3167,18.75,1970,"PIROP Northwest Atlantic 1965-1992",6,"Summer","Mexican Tropical Pacific"
"153","Xema sabini","Laridae",-104.9333,19.1667,1970,"PIROP Northwest Atlantic 1965-1992",6,"Summer","Mexican Tropical Pacific"
"154","Oceanodroma tethys","Hydrobatidae",-98.9,16.2167,1970,"PIROP Northwest Atlantic 1965-1992",6,"Summer","Mexican Tropical Pacific"
"155","Puffinus lherminieri","Procellariidae",-105.9833,19.9333,1970,"PIROP Northwest Atlantic 1965-1992",6,"Summer","Mexican Tropical Pacific"
"156","Sula leucogaster","Sulidae",-103.9833,18.5333,1970,"PIROP Northwest Atlantic 1965-1992",6,"Summer","Mexican Tropical Pacific"
"157","Puffinus lherminieri","Procellariidae",-98.9,16.2167,1970,"PIROP Northwest Atlantic 1965-1992",6,"Summer","Mexican Tropical Pacific"
"158","Puffinus lherminieri","Procellariidae",-103.8167,18.4167,1970,"PIROP Northwest Atlantic 1965-1992",6,"Summer","Mexican Tropical Pacific"
"159","Sula leucogaster","Sulidae",-104.9667,19.1833,1970,"PIROP Northwest Atlantic 1965-1992",6,"Summer","Mexican Tropical Pacific"
"160","Oceanodroma melania","Hydrobatidae",-104.25,18.7167,1970,"PIROP Northwest Atlantic 1965-1992",6,"Summer","Mexican Tropical Pacific"
"161","Oceanodroma melania","Hydrobatidae",-104.3833,18.8167,1970,"PIROP Northwest Atlantic 1965-1992",6,"Summer","Mexican Tropical Pacific"
"162","Puffinus lherminieri","Procellariidae",-104.7833,19.0667,1970,"PIROP Northwest Atlantic 1965-1992",6,"Summer","Mexican Tropical Pacific"
"163","Puffinus pacificus","Procellariidae",-104.35,18.7833,1970,"PIROP Northwest Atlantic 1965-1992",6,"Summer","Mexican Tropical Pacific"
"164","Puffinus pacificus","Procellariidae",-103.9833,18.5333,1970,"PIROP Northwest Atlantic 1965-1992",6,"Summer","Mexican Tropical Pacific"
"165","Oceanodroma leucorhoa","Hydrobatidae",-109.7833,22.6167,1970,"PIROP Northwest Atlantic 1965-1992",6,"Summer","Mexican Tropical Pacific"
"166","Oceanodroma melania","Hydrobatidae",-104.9,19.1333,1970,"PIROP Northwest Atlantic 1965-1992",6,"Summer","Mexican Tropical Pacific"
"167","Onychoprion fuscatus","Laridae",-99.7167,16.5833,1970,"PIROP Northwest Atlantic 1965-1992",6,"Summer","Mexican Tropical Pacific"
"168","Sula dactylatra","Sulidae",-103.9833,18.5333,1970,"PIROP Northwest Atlantic 1965-1992",6,"Summer","Mexican Tropical Pacific"
"169","Phalaropus fulicarius","Phalaropodidae",-109.85,22.65,1970,"PIROP Northwest Atlantic 1965-1992",6,"Summer","Mexican Tropical Pacific"
"170","Sula leucogaster","Sulidae",-100.7167,17.05,1970,"PIROP Northwest Atlantic 1965-1992",6,"Summer","Mexican Tropical Pacific"
"171","Puffinus lherminieri","Procellariidae",-105.0667,19.25,1970,"PIROP Northwest Atlantic 1965-1992",6,"Summer","Mexican Tropical Pacific"
"172","Oceanodroma melania","Hydrobatidae",-103.8167,18.4167,1970,"PIROP Northwest Atlantic 1965-1992",6,"Summer","Mexican Tropical Pacific"
"173","Sula dactylatra","Sulidae",-99.7167,16.5833,1970,"PIROP Northwest Atlantic 1965-1992",6,"Summer","Mexican Tropical Pacific"
"174","Puffinus lherminieri","Procellariidae",-105.4333,19.4833,1970,"PIROP Northwest Atlantic 1965-1992",6,"Summer","Mexican Tropical Pacific"
"175","Puffinus pacificus","Procellariidae",-100.75,17.0833,1970,"PIROP Northwest Atlantic 1965-1992",6,"Summer","Mexican Tropical Pacific"
"176","Pterodroma hasitata","Procellariidae",-103.85,18.4333,1970,"PIROP Northwest Atlantic 1965-1992",6,"Summer","Mexican Tropical Pacific"
"177","Sula dactylatra","Sulidae",-100.75,17.0833,1970,"PIROP Northwest Atlantic 1965-1992",6,"Summer","Mexican Tropical Pacific"
"178","Oceanodroma tethys","Hydrobatidae",-109.2833,22.25,1970,"PIROP Northwest Atlantic 1965-1992",6,"Summer","Mexican Tropical Pacific"
"179","Sula leucogaster","Sulidae",-100.75,17.0833,1970,"PIROP Northwest Atlantic 1965-1992",6,"Summer","Mexican Tropical Pacific"
"180","Puffinus tenuirostris","Procellariidae",-100.75,17.0833,1970,"PIROP Northwest Atlantic 1965-1992",6,"Summer","Mexican Tropical Pacific"
"181","Oceanodroma tethys","Hydrobatidae",-83.7833,8.4333,1970,"PIROP Northwest Atlantic 1965-1992",6,"Summer","Nicoya"
"182","Puffinus lherminieri","Procellariidae",-83.7833,8.4333,1970,"PIROP Northwest Atlantic 1965-1992",6,"Summer","Nicoya"
"183","Oceanodroma tethys","Hydrobatidae",-85.3667,9.4667,1970,"PIROP Northwest Atlantic 1965-1992",6,"Summer","Nicoya"
"184","Oceanodroma tethys","Hydrobatidae",-84.6,8.95,1970,"PIROP Northwest Atlantic 1965-1992",6,"Summer","Nicoya"
"185","Anous stolidus","Sternidae",-80.6167,7.1,1970,"PIROP Northwest Atlantic 1965-1992",6,"Summer","Nicoya"
"186","Oceanodroma tethys","Hydrobatidae",-81.1667,7.1,1970,"PIROP Northwest Atlantic 1965-1992",6,"Summer","Nicoya"
"187","Oceanodroma tethys","Hydrobatidae",-85.2167,9.3667,1970,"PIROP Northwest Atlantic 1965-1992",6,"Summer","Nicoya"
"188","Oceanodroma tethys","Hydrobatidae",-83.6,8.3,1970,"PIROP Northwest Atlantic 1965-1992",6,"Summer","Nicoya"
"189","Sula leucogaster","Sulidae",-83.5,8.2333,1970,"PIROP Northwest Atlantic 1965-1992",6,"Summer","Nicoya"
"190","Oceanodroma tethys","Hydrobatidae",-85.0833,9.25,1970,"PIROP Northwest Atlantic 1965-1992",6,"Summer","Nicoya"
"191","Oceanodroma tethys","Hydrobatidae",-84.4167,8.85,1970,"PIROP Northwest Atlantic 1965-1992",6,"Summer","Nicoya"
"192","Oceanodroma leucorhoa","Hydrobatidae",-84.1333,8.65,1970,"PIROP Northwest Atlantic 1965-1992",6,"Summer","Nicoya"
"193","Oceanodroma tethys","Hydrobatidae",-80.8833,7.1,1970,"PIROP Northwest Atlantic 1965-1992",6,"Summer","Nicoya"
"194","Sula leucogaster","Sulidae",-85.25,9.3833,1970,"PIROP Northwest Atlantic 1965-1992",6,"Summer","Nicoya"
"195","Sula leucogaster","Sulidae",-85.55,9.6,1970,"PIROP Northwest Atlantic 1965-1992",6,"Summer","Nicoya"
"196","Sula leucogaster","Sulidae",-84.1833,8.6833,1970,"PIROP Northwest Atlantic 1965-1992",6,"Summer","Nicoya"
"197","Puffinus carneipes","Procellariidae",-83.7833,8.4333,1970,"PIROP Northwest Atlantic 1965-1992",6,"Summer","Nicoya"
"198","Puffinus carneipes","Procellariidae",-84.4833,8.8833,1970,"PIROP Northwest Atlantic 1965-1992",6,"Summer","Nicoya"
"199","Sula leucogaster","Sulidae",-83.85,8.4667,1970,"PIROP Northwest Atlantic 1965-1992",6,"Summer","Nicoya"
"200","Puffinus lherminieri","Procellariidae",-85.5833,9.6333,1970,"PIROP Northwest Atlantic 1965-1992",6,"Summer","Nicoya"
"201","Puffinus creatopus","Procellariidae",-85.5833,9.6333,1970,"PIROP Northwest Atlantic 1965-1992",6,"Summer","Nicoya"
"202","Sula leucogaster","Sulidae",-80.8833,7.1,1970,"PIROP Northwest Atlantic 1965-1992",6,"Summer","Nicoya"
"203","Puffinus carneipes","Procellariidae",-84.35,8.8167,1970,"PIROP Northwest Atlantic 1965-1992",6,"Summer","Nicoya"
"204","Anous stolidus","Sternidae",-83.6,8.3,1970,"PIROP Northwest Atlantic 1965-1992",6,"Summer","Nicoya"
"205","Oceanodroma tethys","Hydrobatidae",-84.1,8.6333,1970,"PIROP Northwest Atlantic 1965-1992",6,"Summer","Nicoya"
"206","Oceanodroma tethys","Hydrobatidae",-85.25,9.3833,1970,"PIROP Northwest Atlantic 1965-1992",6,"Summer","Nicoya"
"207","Oceanodroma tethys","Hydrobatidae",-84.4833,8.8833,1970,"PIROP Northwest Atlantic 1965-1992",6,"Summer","Nicoya"
"208","Puffinus griseus","Procellariidae",-123.0833,37.6,1970,"PIROP Northwest Atlantic 1965-1992",7,"Summer","Northern California"
"209","Puffinus griseus","Procellariidae",-120.4833,33.8667,1970,"PIROP Northwest Atlantic 1965-1992",7,"Summer","Northern California"
"210","Phoebastria nigripes","Diomedeidae",-122.9667,37.4167,1970,"PIROP Northwest Atlantic 1965-1992",7,"Summer","Northern California"
"211","Puffinus griseus","Procellariidae",-122.9667,37.4167,1970,"PIROP Northwest Atlantic 1965-1992",7,"Summer","Northern California"
"212","Puffinus griseus","Procellariidae",-120.1667,33.5167,1970,"PIROP Northwest Atlantic 1965-1992",7,"Summer","Northern California"
"213","Phoebastria nigripes","Diomedeidae",-123.6833,38.7167,1970,"PIROP Northwest Atlantic 1965-1992",7,"Summer","Northern California"
"214","Puffinus griseus","Procellariidae",-123.1333,37.6667,1970,"PIROP Northwest Atlantic 1965-1992",7,"Summer","Northern California"
"215","Uria aalge","Alcidae",-123.1333,37.6667,1970,"PIROP Northwest Atlantic 1965-1992",7,"Summer","Northern California"
"216","Puffinus griseus","Procellariidae",-123.0167,37.4833,1970,"PIROP Northwest Atlantic 1965-1992",7,"Summer","Northern California"
"217","Phoebastria nigripes","Diomedeidae",-122.8667,37.2667,1970,"PIROP Northwest Atlantic 1965-1992",7,"Summer","Northern California"
"218","Puffinus griseus","Procellariidae",-119.8667,33.2,1970,"PIROP Northwest Atlantic 1965-1992",7,"Summer","Northern California"
"219","Puffinus griseus","Procellariidae",-123.1167,37.6333,1970,"PIROP Northwest Atlantic 1965-1992",7,"Summer","Northern California"
"220","Larus occidentalis","Laridae",-123.1333,37.6667,1970,"PIROP Northwest Atlantic 1965-1992",7,"Summer","Northern California"
"221","Puffinus griseus","Procellariidae",-123.9833,39.2833,1970,"PIROP Northwest Atlantic 1965-1992",7,"Summer","Northern California"
"222","Puffinus griseus","Procellariidae",-119.8667,33.2,1970,"PIROP Northwest Atlantic 1965-1992",7,"Summer","Northern California"
"223","Puffinus griseus","Procellariidae",-122.8667,37.2667,1970,"PIROP Northwest Atlantic 1965-1992",7,"Summer","Northern California"
"224","Puffinus griseus","Procellariidae",-123.6167,38.6,1970,"PIROP Northwest Atlantic 1965-1992",7,"Summer","Northern California"
"225","Fulmarus glacialis","Procellariidae",-123.0833,37.6,1970,"PIROP Northwest Atlantic 1965-1992",7,"Summer","Northern California"
"226","Puffinus griseus","Procellariidae",-119.75,33.0333,1970,"PIROP Northwest Atlantic 1965-1992",7,"Summer","Northern California"
"227","Puffinus creatopus","Procellariidae",-122.85,37.2333,1970,"PIROP Northwest Atlantic 1965-1992",7,"Summer","Northern California"
"228","Puffinus griseus","Procellariidae",-123.6333,38.6167,1970,"PIROP Northwest Atlantic 1965-1992",7,"Summer","Northern California"
"229","Oceanodroma leucorhoa","Hydrobatidae",-119.6167,32.8667,1970,"PIROP Northwest Atlantic 1965-1992",7,"Summer","Northern California"
"230","Phoebastria nigripes","Diomedeidae",-123.4833,38.25,1970,"PIROP Northwest Atlantic 1965-1992",7,"Summer","Northern California"
"231","Puffinus griseus","Procellariidae",-119.9167,33.2667,1970,"PIROP Northwest Atlantic 1965-1992",7,"Summer","Northern California"
"232","Puffinus pacificus","Procellariidae",-119.6,32.8333,1970,"PIROP Northwest Atlantic 1965-1992",7,"Summer","Northern California"
"233","Puffinus griseus","Procellariidae",-123.2667,37.8667,1970,"PIROP Northwest Atlantic 1965-1992",7,"Summer","Northern California"
"234","Larus occidentalis","Laridae",-123.6833,38.7167,1970,"PIROP Northwest Atlantic 1965-1992",7,"Summer","Northern California"
"235","Uria aalge","Alcidae",-123.2,37.7667,1970,"PIROP Northwest Atlantic 1965-1992",7,"Summer","Northern California"
"236","Larus occidentalis","Laridae",-122.85,37.2333,1970,"PIROP Northwest Atlantic 1965-1992",7,"Summer","Northern California"
"237","Uria aalge","Alcidae",-122.9833,37.45,1970,"PIROP Northwest Atlantic 1965-1992",7,"Summer","Northern California"
"238","Phoebastria nigripes","Diomedeidae",-123.9833,39.2833,1970,"PIROP Northwest Atlantic 1965-1992",7,"Summer","Northern California"
"239","Larus occidentalis","Laridae",-122.9,37.3,1970,"PIROP Northwest Atlantic 1965-1992",7,"Summer","Northern California"
"240","Phoebastria nigripes","Diomedeidae",-120.1833,33.55,1970,"PIROP Northwest Atlantic 1965-1992",7,"Summer","Northern California"
"241","Puffinus creatopus","Procellariidae",-119.5833,32.8167,1970,"PIROP Northwest Atlantic 1965-1992",7,"Summer","Northern California"
"242","Larus occidentalis","Laridae",-123.2167,37.8,1970,"PIROP Northwest Atlantic 1965-1992",7,"Summer","Northern California"
"243","Larus occidentalis","Laridae",-123.6,38.5667,1970,"PIROP Northwest Atlantic 1965-1992",7,"Summer","Northern California"
"244","Puffinus griseus","Procellariidae",-123.45,38.2,1970,"PIROP Northwest Atlantic 1965-1992",7,"Summer","Northern California"
"245","Uria aalge","Alcidae",-124.8,48.2833,1970,"PIROP Northwest Atlantic 1965-1992",7,"Summer","Oregon Washington Vancouver Coast"
"246","Phoebastria nigripes","Diomedeidae",-124.6167,42.2667,1970,"PIROP Northwest Atlantic 1965-1992",7,"Summer","Oregon Washington Vancouver Coast"
"247","Fulmarus glacialis","Procellariidae",-124.8,47.3167,1970,"PIROP Northwest Atlantic 1965-1992",7,"Summer","Oregon Washington Vancouver Coast"
"248","Phoebastria nigripes","Diomedeidae",-124.7333,43.2167,1970,"PIROP Northwest Atlantic 1965-1992",7,"Summer","Oregon Washington Vancouver Coast"
"249","Puffinus griseus","Procellariidae",-124.7,43.8833,1970,"PIROP Northwest Atlantic 1965-1992",7,"Summer","Oregon Washington Vancouver Coast"
"250","Puffinus griseus","Procellariidae",-124.7833,47.25,1970,"PIROP Northwest Atlantic 1965-1992",7,"Summer","Oregon Washington Vancouver Coast"
"251","Puffinus griseus","Procellariidae",-124.7333,43.5,1970,"PIROP Northwest Atlantic 1965-1992",7,"Summer","Oregon Washington Vancouver Coast"
"252","Puffinus griseus","Procellariidae",-124.7,43.85,1970,"PIROP Northwest Atlantic 1965-1992",7,"Summer","Oregon Washington Vancouver Coast"
"253","Cerorhinca monocerata","Alcidae",-124.8,47.3667,1970,"PIROP Northwest Atlantic 1965-1992",7,"Summer","Oregon Washington Vancouver Coast"
"254","Ptychoramphus aleuticus","Alcidae",-124.8,46.8,1970,"PIROP Northwest Atlantic 1965-1992",7,"Summer","Oregon Washington Vancouver Coast"
"255","Phoebastria nigripes","Diomedeidae",-124.6,41.9833,1970,"PIROP Northwest Atlantic 1965-1992",7,"Summer","Oregon Washington Vancouver Coast"
"256","Oceanodroma furcata","Hydrobatidae",-124.7333,43.4333,1970,"PIROP Northwest Atlantic 1965-1992",7,"Summer","Oregon Washington Vancouver Coast"
"257","Fulmarus glacialis","Procellariidae",-124.7833,47,1970,"PIROP Northwest Atlantic 1965-1992",7,"Summer","Oregon Washington Vancouver Coast"
"258","Larus glaucescens","Laridae",-124.8333,48.0833,1970,"PIROP Northwest Atlantic 1965-1992",7,"Summer","Oregon Washington Vancouver Coast"
"259","Fulmarus glacialis","Procellariidae",-124.7,43.8833,1970,"PIROP Northwest Atlantic 1965-1992",7,"Summer","Oregon Washington Vancouver Coast"
"260","Fratercula cirrhata","Alcidae",-124.8333,48.0167,1970,"PIROP Northwest Atlantic 1965-1992",7,"Summer","Oregon Washington Vancouver Coast"
"261","Puffinus griseus","Procellariidae",-124.7,43.8167,1970,"PIROP Northwest Atlantic 1965-1992",7,"Summer","Oregon Washington Vancouver Coast"
"262","Fulmarus glacialis","Procellariidae",-124.7,44.0833,1970,"PIROP Northwest Atlantic 1965-1992",7,"Summer","Oregon Washington Vancouver Coast"
"263","Larus glaucescens","Laridae",-124.8,47.8833,1970,"PIROP Northwest Atlantic 1965-1992",7,"Summer","Oregon Washington Vancouver Coast"
"264","Puffinus griseus","Procellariidae",-124.8333,48.0833,1970,"PIROP Northwest Atlantic 1965-1992",7,"Summer","Oregon Washington Vancouver Coast"
"265","Oceanodroma leucorhoa","Hydrobatidae",-124.8,46.4667,1970,"PIROP Northwest Atlantic 1965-1992",7,"Summer","Oregon Washington Vancouver Coast"
"266","Phoebastria nigripes","Diomedeidae",-124.7833,46.4333,1970,"PIROP Northwest Atlantic 1965-1992",7,"Summer","Oregon Washington Vancouver Coast"
"267","Oceanodroma furcata","Hydrobatidae",-124.8,46.8,1970,"PIROP Northwest Atlantic 1965-1992",7,"Summer","Oregon Washington Vancouver Coast"
"268","Phoebastria nigripes","Diomedeidae",-124.6333,42.3833,1970,"PIROP Northwest Atlantic 1965-1992",7,"Summer","Oregon Washington Vancouver Coast"
"269","Phoebastria nigripes","Diomedeidae",-124.6,41.9833,1970,"PIROP Northwest Atlantic 1965-1992",7,"Summer","Oregon Washington Vancouver Coast"
"270","Larus glaucescens","Laridae",-124.8333,48.0833,1970,"PIROP Northwest Atlantic 1965-1992",7,"Summer","Oregon Washington Vancouver Coast"
"271","Phoebastria nigripes","Diomedeidae",-124.7,44.15,1970,"PIROP Northwest Atlantic 1965-1992",7,"Summer","Oregon Washington Vancouver Coast"
"272","Fulmarus glacialis","Procellariidae",-124.8333,48.0167,1970,"PIROP Northwest Atlantic 1965-1992",7,"Summer","Oregon Washington Vancouver Coast"
"273","Larus glaucescens","Laridae",-124.8,47.4333,1970,"PIROP Northwest Atlantic 1965-1992",7,"Summer","Oregon Washington Vancouver Coast"
"274","Puffinus griseus","Procellariidae",-124.8333,48.05,1970,"PIROP Northwest Atlantic 1965-1992",7,"Summer","Oregon Washington Vancouver Coast"
"275","Phoebastria nigripes","Diomedeidae",-124.8,47.3,1970,"PIROP Northwest Atlantic 1965-1992",7,"Summer","Oregon Washington Vancouver Coast"
"276","Fratercula cirrhata","Alcidae",-124.8,47.3667,1970,"PIROP Northwest Atlantic 1965-1992",7,"Summer","Oregon Washington Vancouver Coast"
"277","Uria aalge","Alcidae",-124.75,48.4333,1970,"PIROP Northwest Atlantic 1965-1992",7,"Summer","Oregon Washington Vancouver Coast"
"278","Fulmarus glacialis","Procellariidae",-124.7,44.0833,1970,"PIROP Northwest Atlantic 1965-1992",7,"Summer","Oregon Washington Vancouver Coast"
"279","Phoebastria nigripes","Diomedeidae",-124.6833,42.5667,1970,"PIROP Northwest Atlantic 1965-1992",7,"Summer","Oregon Washington Vancouver Coast"
"280","Puffinus creatopus","Procellariidae",-124.8,47.3167,1970,"PIROP Northwest Atlantic 1965-1992",7,"Summer","Oregon Washington Vancouver Coast"
"281","Uria aalge","Alcidae",-124.8,46.7667,1970,"PIROP Northwest Atlantic 1965-1992",7,"Summer","Oregon Washington Vancouver Coast"
"282","Puffinus griseus","Procellariidae",-124.8,48.2833,1970,"PIROP Northwest Atlantic 1965-1992",7,"Summer","Oregon Washington Vancouver Coast"
"283","Phoebastria nigripes","Diomedeidae",-124.7833,47.2833,1970,"PIROP Northwest Atlantic 1965-1992",7,"Summer","Oregon Washington Vancouver Coast"
"284","Puffinus creatopus","Procellariidae",-124.8,46.7667,1970,"PIROP Northwest Atlantic 1965-1992",7,"Summer","Oregon Washington Vancouver Coast"
"285","Puffinus griseus","Procellariidae",-124.7,43.9833,1970,"PIROP Northwest Atlantic 1965-1992",7,"Summer","Oregon Washington Vancouver Coast"
"286","Oceanodroma leucorhoa","Hydrobatidae",-124.6,41.9833,1970,"PIROP Northwest Atlantic 1965-1992",7,"Summer","Oregon Washington Vancouver Coast"
"287","Puffinus griseus","Procellariidae",-124.8,46.4667,1970,"PIROP Northwest Atlantic 1965-1992",7,"Summer","Oregon Washington Vancouver Coast"
"288","Phoebastria nigripes","Diomedeidae",-124.8,46.7667,1970,"PIROP Northwest Atlantic 1965-1992",7,"Summer","Oregon Washington Vancouver Coast"
"289","Rissa tridactyla","Laridae",-124.8,48.2833,1970,"PIROP Northwest Atlantic 1965-1992",7,"Summer","Oregon Washington Vancouver Coast"
"290","Phoebastria nigripes","Diomedeidae",-124.8,47.3167,1970,"PIROP Northwest Atlantic 1965-1992",7,"Summer","Oregon Washington Vancouver Coast"
"291","Uria aalge","Alcidae",-124.8,47.3667,1970,"PIROP Northwest Atlantic 1965-1992",7,"Summer","Oregon Washington Vancouver Coast"
"292","Phoebastria nigripes","Diomedeidae",-124.8,46.7167,1970,"PIROP Northwest Atlantic 1965-1992",7,"Summer","Oregon Washington Vancouver Coast"
"293","Fulmarus glacialis","Procellariidae",-124.7,43.95,1970,"PIROP Northwest Atlantic 1965-1992",7,"Summer","Oregon Washington Vancouver Coast"
"294","Puffinus griseus","Procellariidae",-124.8,46.4667,1970,"PIROP Northwest Atlantic 1965-1992",7,"Summer","Oregon Washington Vancouver Coast"
"295","Fulmarus glacialis","Procellariidae",-124.7833,47.2833,1970,"PIROP Northwest Atlantic 1965-1992",7,"Summer","Oregon Washington Vancouver Coast"
"296","Phoebastria nigripes","Diomedeidae",-124.6,41.9833,1970,"PIROP Northwest Atlantic 1965-1992",7,"Summer","Oregon Washington Vancouver Coast"
"297","Puffinus griseus","Procellariidae",-124.8,46.8,1970,"PIROP Northwest Atlantic 1965-1992",7,"Summer","Oregon Washington Vancouver Coast"
"298","Oceanodroma leucorhoa","Hydrobatidae",-124.6667,42.5333,1970,"PIROP Northwest Atlantic 1965-1992",7,"Summer","Oregon Washington Vancouver Coast"
"299","Phoebastria nigripes","Diomedeidae",-124.8,46.7167,1970,"PIROP Northwest Atlantic 1965-1992",7,"Summer","Oregon Washington Vancouver Coast"
"300","Puffinus griseus","Procellariidae",-124.6,41.95,1970,"PIROP Northwest Atlantic 1965-1992",7,"Summer","Oregon Washington Vancouver Coast"
"301","Fulmarus glacialis","Procellariidae",-124.8,47.3,1970,"PIROP Northwest Atlantic 1965-1992",7,"Summer","Oregon Washington Vancouver Coast"
"302","Uria aalge","Alcidae",-124.6,42.0667,1970,"PIROP Northwest Atlantic 1965-1992",7,"Summer","Oregon Washington Vancouver Coast"
"303","Larus glaucescens","Laridae",-124.8167,48.25,1970,"PIROP Northwest Atlantic 1965-1992",7,"Summer","Oregon Washington Vancouver Coast"
"304","Oceanodroma leucorhoa","Hydrobatidae",-124.6,41.95,1970,"PIROP Northwest Atlantic 1965-1992",7,"Summer","Oregon Washington Vancouver Coast"
"305","Fulmarus glacialis","Procellariidae",-124.7,44.0167,1970,"PIROP Northwest Atlantic 1965-1992",7,"Summer","Oregon Washington Vancouver Coast"
"306","Puffinus griseus","Procellariidae",-124.7833,47.2833,1970,"PIROP Northwest Atlantic 1965-1992",7,"Summer","Oregon Washington Vancouver Coast"
"307","Phoebastria nigripes","Diomedeidae",-124.8,47.3,1970,"PIROP Northwest Atlantic 1965-1992",7,"Summer","Oregon Washington Vancouver Coast"
"308","Phoebastria nigripes","Diomedeidae",-124.7,43.95,1970,"PIROP Northwest Atlantic 1965-1992",7,"Summer","Oregon Washington Vancouver Coast"
"309","Larus glaucescens","Laridae",-124.8333,48.0833,1970,"PIROP Northwest Atlantic 1965-1992",7,"Summer","Oregon Washington Vancouver Coast"
"310","Phoebastria nigripes","Diomedeidae",-124.7833,47.05,1970,"PIROP Northwest Atlantic 1965-1992",7,"Summer","Oregon Washington Vancouver Coast"
"311","Puffinus griseus","Procellariidae",-124.7833,46.4,1970,"PIROP Northwest Atlantic 1965-1992",7,"Summer","Oregon Washington Vancouver Coast"
"312","Oceanodroma furcata","Hydrobatidae",-124.7333,43.4333,1970,"PIROP Northwest Atlantic 1965-1992",7,"Summer","Oregon Washington Vancouver Coast"
"313","Oceanodroma furcata","Hydrobatidae",-124.7,43.8833,1970,"PIROP Northwest Atlantic 1965-1992",7,"Summer","Oregon Washington Vancouver Coast"
"314","Fulmarus glacialis","Procellariidae",-124.7,44.15,1970,"PIROP Northwest Atlantic 1965-1992",7,"Summer","Oregon Washington Vancouver Coast"
"315","Larus glaucescens","Laridae",-124.8333,48.05,1970,"PIROP Northwest Atlantic 1965-1992",7,"Summer","Oregon Washington Vancouver Coast"
"316","Puffinus creatopus","Procellariidae",-124.8,46.7167,1970,"PIROP Northwest Atlantic 1965-1992",7,"Summer","Oregon Washington Vancouver Coast"
"317","Phoebastria nigripes","Diomedeidae",-124.6667,42.5333,1970,"PIROP Northwest Atlantic 1965-1992",7,"Summer","Oregon Washington Vancouver Coast"
"318","Phoebastria nigripes","Diomedeidae",-124.6,42.0333,1970,"PIROP Northwest Atlantic 1965-1992",7,"Summer","Oregon Washington Vancouver Coast"
"319","Phoebastria nigripes","Diomedeidae",-124.7,43.8833,1970,"PIROP Northwest Atlantic 1965-1992",7,"Summer","Oregon Washington Vancouver Coast"
"320","Puffinus griseus","Procellariidae",-124.65,42.45,1970,"PIROP Northwest Atlantic 1965-1992",7,"Summer","Oregon Washington Vancouver Coast"
"321","Puffinus griseus","Procellariidae",-124.8333,48.0167,1970,"PIROP Northwest Atlantic 1965-1992",7,"Summer","Oregon Washington Vancouver Coast"
"322","Oceanodroma tethys","Hydrobatidae",-80.2,7.1667,1970,"PIROP Northwest Atlantic 1965-1992",6,"Summer","Panama Bight"
"323","Oceanodroma tethys","Hydrobatidae",-79.5167,8.6333,1970,"PIROP Northwest Atlantic 1965-1992",6,"Summer","Panama Bight"
"324","Oceanodroma melania","Hydrobatidae",-79.7167,7.9,1970,"PIROP Northwest Atlantic 1965-1992",6,"Summer","Panama Bight"
"325","Fregata magnificens","Fregatidae",-79.4833,8.7667,1970,"PIROP Northwest Atlantic 1965-1992",6,"Summer","Panama Bight"
"326","Anous stolidus","Sternidae",-79.8,7.6,1970,"PIROP Northwest Atlantic 1965-1992",6,"Summer","Panama Bight"
"327","Fregata magnificens","Fregatidae",-79.5,8.6667,1970,"PIROP Northwest Atlantic 1965-1992",6,"Summer","Panama Bight"
"328","Fregata magnificens","Fregatidae",-79.5,8.6667,1970,"PIROP Northwest Atlantic 1965-1992",6,"Summer","Panama Bight"
"329","Onychoprion fuscatus","Laridae",-79.7833,7.6,1970,"PIROP Northwest Atlantic 1965-1992",6,"Summer","Panama Bight"
"330","Sula leucogaster","Sulidae",-79.5167,8.6333,1970,"PIROP Northwest Atlantic 1965-1992",6,"Summer","Panama Bight"
"331","Oceanodroma melania","Hydrobatidae",-80.35,7.15,1970,"PIROP Northwest Atlantic 1965-1992",6,"Summer","Panama Bight"
"332","Sula dactylatra","Sulidae",-79.8333,7.4833,1970,"PIROP Northwest Atlantic 1965-1992",6,"Summer","Panama Bight"
"333","Sula dactylatra","Sulidae",-79.7167,7.9,1970,"PIROP Northwest Atlantic 1965-1992",6,"Summer","Panama Bight"
"334","Fregata magnificens","Fregatidae",-79.4833,8.7333,1970,"PIROP Northwest Atlantic 1965-1992",6,"Summer","Panama Bight"
"335","Sula dactylatra","Sulidae",-79.7833,7.6667,1970,"PIROP Northwest Atlantic 1965-1992",6,"Summer","Panama Bight"
"336","Sula leucogaster","Sulidae",-79.85,7.45,1970,"PIROP Northwest Atlantic 1965-1992",6,"Summer","Panama Bight"
"337","Onychoprion fuscatus","Laridae",-79.8,7.5667,1970,"PIROP Northwest Atlantic 1965-1992",6,"Summer","Panama Bight"
"338","Oceanodroma melania","Hydrobatidae",-80.3167,7.15,1970,"PIROP Northwest Atlantic 1965-1992",6,"Summer","Panama Bight"
"339","Fregata magnificens","Fregatidae",-79.5,8.7,1970,"PIROP Northwest Atlantic 1965-1992",6,"Summer","Panama Bight"
"340","Fregata magnificens","Fregatidae",-80.1333,7.2,1970,"PIROP Northwest Atlantic 1965-1992",6,"Summer","Panama Bight"
"341","Fregata magnificens","Fregatidae",-79.5167,8.6,1970,"PIROP Northwest Atlantic 1965-1992",6,"Summer","Panama Bight"
"342","Phoebastria nigripes","Diomedeidae",-114,26.3667,1970,"PIROP Northwest Atlantic 1965-1992",6,"Summer","Southern California Bight"
"343","Phoebastria nigripes","Diomedeidae",-117.3667,30.2167,1970,"PIROP Northwest Atlantic 1965-1992",6,"Summer","Southern California Bight"
"344","Pterodroma arminjoniana","Procellariidae",-116.4333,29.1,1970,"PIROP Northwest Atlantic 1965-1992",6,"Summer","Southern California Bight"
"345","Phoebastria nigripes","Diomedeidae",-116.5833,29.2667,1970,"PIROP Northwest Atlantic 1965-1992",6,"Summer","Southern California Bight"
"346","Puffinus creatopus","Procellariidae",-116.1833,28.8167,1970,"PIROP Northwest Atlantic 1965-1992",6,"Summer","Southern California Bight"
"347","Oceanodroma melania","Hydrobatidae",-116.2167,28.85,1970,"PIROP Northwest Atlantic 1965-1992",6,"Summer","Southern California Bight"
"348","Oceanodroma leucorhoa","Hydrobatidae",-117.1,29.8833,1970,"PIROP Northwest Atlantic 1965-1992",6,"Summer","Southern California Bight"
"349","Stercorarius pomarinus","Stercorariidae",-117.5333,30.3833,1970,"PIROP Northwest Atlantic 1965-1992",6,"Summer","Southern California Bight"
"350","Oceanodroma leucorhoa","Hydrobatidae",-114,26.3667,1970,"PIROP Northwest Atlantic 1965-1992",6,"Summer","Southern California Bight"
"351","Phoebastria nigripes","Diomedeidae",-116.1333,28.7667,1970,"PIROP Northwest Atlantic 1965-1992",6,"Summer","Southern California Bight"
"352","Puffinus creatopus","Procellariidae",-114.4,26.85,1970,"PIROP Northwest Atlantic 1965-1992",6,"Summer","Southern California Bight"
"353","Puffinus puffinus","Procellariidae",-113.95,26.3167,1970,"PIROP Northwest Atlantic 1965-1992",6,"Summer","Southern California Bight"
"354","Oceanodroma leucorhoa","Hydrobatidae",-113.85,26.2,1970,"PIROP Northwest Atlantic 1965-1992",6,"Summer","Southern California Bight"
"355","Phoebastria nigripes","Diomedeidae",-114,26.3667,1970,"PIROP Northwest Atlantic 1965-1992",6,"Summer","Southern California Bight"
"356","Oceanodroma melania","Hydrobatidae",-113.95,26.3167,1970,"PIROP Northwest Atlantic 1965-1992",6,"Summer","Southern California Bight"
"357","Oceanodroma leucorhoa","Hydrobatidae",-116.8833,29.65,1970,"PIROP Northwest Atlantic 1965-1992",6,"Summer","Southern California Bight"
"358","Phoebastria nigripes","Diomedeidae",-117.4833,30.3333,1970,"PIROP Northwest Atlantic 1965-1992",6,"Summer","Southern California Bight"
"359","Oceanodroma leucorhoa","Hydrobatidae",-117.0667,29.8667,1970,"PIROP Northwest Atlantic 1965-1992",6,"Summer","Southern California Bight"
"360","Puffinus griseus","Procellariidae",-114.2,26.6,1970,"PIROP Northwest Atlantic 1965-1992",6,"Summer","Southern California Bight"
"361","Oceanodroma tethys","Hydrobatidae",-116.1167,28.7333,1970,"PIROP Northwest Atlantic 1965-1992",6,"Summer","Southern California Bight"
"362","Phoebastria nigripes","Diomedeidae",-114.2,26.6,1970,"PIROP Northwest Atlantic 1965-1992",6,"Summer","Southern California Bight"
"363","Oceanodroma melania","Hydrobatidae",-116.7333,29.4333,1970,"PIROP Northwest Atlantic 1965-1992",6,"Summer","Southern California Bight"
"364","Puffinus puffinus","Procellariidae",-117.8167,31.5333,1972,"PIROP Northwest Atlantic 1965-1992",1,"Winter","Southern California Bight"
"365","Oceanodroma leucorhoa","Hydrobatidae",-114.2,26.6,1970,"PIROP Northwest Atlantic 1965-1992",6,"Summer","Southern California Bight"
"366","Oceanodroma leucorhoa","Hydrobatidae",-116.8667,29.6167,1970,"PIROP Northwest Atlantic 1965-1992",6,"Summer","Southern California Bight"
"367","Oceanodroma leucorhoa","Hydrobatidae",-117.8667,30.8,1970,"PIROP Northwest Atlantic 1965-1992",6,"Summer","Southern California Bight"
"368","Oceanodroma leucorhoa","Hydrobatidae",-117.05,29.8333,1970,"PIROP Northwest Atlantic 1965-1992",6,"Summer","Southern California Bight"
"369","Larus californicus","Laridae",-117.8167,31.5333,1972,"PIROP Northwest Atlantic 1965-1992",1,"Winter","Southern California Bight"
"370","Phoebastria nigripes","Diomedeidae",-117.9833,31.15,1972,"PIROP Northwest Atlantic 1965-1992",1,"Winter","Southern California Bight"
"371","Puffinus lherminieri","Procellariidae",-78.05,12.8,1970,"PIROP Northwest Atlantic 1965-1992",6,"Summer","Southwest Caribbean"
"372","Oceanodroma leucorhoa","Hydrobatidae",-78.05,12.8,1970,"PIROP Northwest Atlantic 1965-1992",6,"Summer","Southwest Caribbean"
"373","Sula sula","Sulidae",-77.7,13.4667,1970,"PIROP Northwest Atlantic 1965-1992",6,"Summer","Southwest Caribbean"
"374","Fulmarus glacialis","Procellariidae",-70.0167,39.9667,1972,"PIROP Northwest Atlantic 1965-1992",1,"Winter","Virginian"
"375","Fulmarus glacialis","Procellariidae",-69.9833,39.3,1972,"PIROP Northwest Atlantic 1965-1992",1,"Winter","Virginian"
"376","Fulmarus glacialis","Procellariidae",-70.0167,39.9667,1972,"PIROP Northwest Atlantic 1965-1992",1,"Winter","Virginian"
"377","Larus argentatus","Laridae",-70.0167,39.9667,1972,"PIROP Northwest Atlantic 1965-1992",1,"Winter","Virginian"
"378","Larus argentatus","Laridae",-70.0167,39.9667,1972,"PIROP Northwest Atlantic 1965-1992",1,"Winter","Virginian"
"379","Larus argentatus","Laridae",-70.0167,39.9667,1972,"PIROP Northwest Atlantic 1965-1992",1,"Winter","Virginian"
"380","Larus argentatus","Laridae",-70.0167,39.9667,1972,"PIROP Northwest Atlantic 1965-1992",1,"Winter","Virginian"
"381","Larus argentatus","Laridae",-70.0167,39.9667,1972,"PIROP Northwest Atlantic 1965-1992",1,"Winter","Virginian"
"382","Larus argentatus","Laridae",-70.0167,39.9667,1972,"PIROP Northwest Atlantic 1965-1992",1,"Winter","Virginian"
"383","Larus argentatus","Laridae",-70.0167,39.9667,1972,"PIROP Northwest Atlantic 1965-1992",1,"Winter","Virginian"
"384","Larus argentatus","Laridae",-70.0167,39.9667,1972,"PIROP Northwest Atlantic 1965-1992",1,"Winter","Virginian"
"385","Larus hyperboreus","Laridae",-70.0167,39.9667,1972,"PIROP Northwest Atlantic 1965-1992",1,"Winter","Virginian"
"386","Larus hyperboreus","Laridae",-70.0167,39.9667,1972,"PIROP Northwest Atlantic 1965-1992",1,"Winter","Virginian"
"387","Larus hyperboreus","Laridae",-70.0167,39.9667,1972,"PIROP Northwest Atlantic 1965-1992",1,"Winter","Virginian"
"388","Larus marinus","Laridae",-70.0167,39.9667,1972,"PIROP Northwest Atlantic 1965-1992",1,"Winter","Virginian"
"389","Larus marinus","Laridae",-70.0167,39.9667,1972,"PIROP Northwest Atlantic 1965-1992",1,"Winter","Virginian"
"390","Larus marinus","Laridae",-70.0167,39.9667,1972,"PIROP Northwest Atlantic 1965-1992",1,"Winter","Virginian"
"391","Larus marinus","Laridae",-70.0167,39.9667,1972,"PIROP Northwest Atlantic 1965-1992",1,"Winter","Virginian"
"392","Larus marinus","Laridae",-70.0167,39.9667,1972,"PIROP Northwest Atlantic 1965-1992",1,"Winter","Virginian"
"393","Larus marinus","Laridae",-70.0167,39.9667,1972,"PIROP Northwest Atlantic 1965-1992",1,"Winter","Virginian"
"394","Larus marinus","Laridae",-70.0167,39.9667,1972,"PIROP Northwest Atlantic 1965-1992",1,"Winter","Virginian"
"395","Larus marinus","Laridae",-70.0167,39.9667,1972,"PIROP Northwest Atlantic 1965-1992",1,"Winter","Virginian"
"396","Morus bassanus","Sulidae",-70.0167,39.9667,1972,"PIROP Northwest Atlantic 1965-1992",1,"Winter","Virginian"
"397","Morus bassanus","Sulidae",-70.0167,39.9667,1972,"PIROP Northwest Atlantic 1965-1992",1,"Winter","Virginian"
"398","Morus bassanus","Sulidae",-70.0167,39.9667,1972,"PIROP Northwest Atlantic 1965-1992",1,"Winter","Virginian"
"399","Morus bassanus","Sulidae",-70.0167,39.9667,1972,"PIROP Northwest Atlantic 1965-1992",1,"Winter","Virginian"
"400","Rissa tridactyla","Laridae",-70.0167,39.9667,1972,"PIROP Northwest Atlantic 1965-1992",1,"Winter","Virginian"
"401","Rissa tridactyla","Laridae",-70.0167,39.9667,1972,"PIROP Northwest Atlantic 1965-1992",1,"Winter","Virginian"
"402","Rissa tridactyla","Laridae",-70.0167,39.9667,1972,"PIROP Northwest Atlantic 1965-1992",1,"Winter","Virginian"
"403","Rissa tridactyla","Laridae",-70.0167,39.9667,1972,"PIROP Northwest Atlantic 1965-1992",1,"Winter","Virginian"
"404","Rissa tridactyla","Laridae",-70.0167,39.9667,1972,"PIROP Northwest Atlantic 1965-1992",1,"Winter","Virginian"
"405","Rissa tridactyla","Laridae",-70.0167,39.9667,1972,"PIROP Northwest Atlantic 1965-1992",1,"Winter","Virginian"
"406","Rissa tridactyla","Laridae",-70.0167,39.9667,1972,"PIROP Northwest Atlantic 1965-1992",1,"Winter","Virginian"
"407","Rissa tridactyla","Laridae",-70.0167,39.9667,1972,"PIROP Northwest Atlantic 1965-1992",1,"Winter","Virginian"
"408","Stercorarius skua","Stercorariidae",-70.0167,39.9667,1972,"PIROP Northwest Atlantic 1965-1992",1,"Winter","Virginian"
"409","Stercorarius skua","Stercorariidae",-70.0167,39.9667,1972,"PIROP Northwest Atlantic 1965-1992",1,"Winter","Virginian"
"410","Fulmarus glacialis","Procellariidae",-70.25,39.8667,1972,"PIROP Northwest Atlantic 1965-1992",2,"Winter","Virginian"
"411","Fulmarus glacialis","Procellariidae",-69.65,38.55,1972,"PIROP Northwest Atlantic 1965-1992",2,"Winter","Virginian"
"412","Fulmarus glacialis","Procellariidae",-69.65,38.5167,1972,"PIROP Northwest Atlantic 1965-1992",2,"Winter","Virginian"
"413","Fulmarus glacialis","Procellariidae",-69.6333,38.5,1972,"PIROP Northwest Atlantic 1965-1992",2,"Winter","Virginian"
"414","Fulmarus glacialis","Procellariidae",-70.2667,39.8833,1972,"PIROP Northwest Atlantic 1965-1992",2,"Winter","Virginian"
"415","Fulmarus glacialis","Procellariidae",-69.65,38.55,1972,"PIROP Northwest Atlantic 1965-1992",2,"Winter","Virginian"
"416","Fulmarus glacialis","Procellariidae",-69.65,38.5167,1972,"PIROP Northwest Atlantic 1965-1992",2,"Winter","Virginian"
"417","Fulmarus glacialis","Procellariidae",-70.05,39.45,1972,"PIROP Northwest Atlantic 1965-1992",2,"Winter","Virginian"
"418","Fulmarus glacialis","Procellariidae",-69.6333,38.4667,1972,"PIROP Northwest Atlantic 1965-1992",2,"Winter","Virginian"
"419","Fulmarus glacialis","Procellariidae",-69.6167,38.45,1972,"PIROP Northwest Atlantic 1965-1992",2,"Winter","Virginian"
"420","Fulmarus glacialis","Procellariidae",-70.05,39.4167,1972,"PIROP Northwest Atlantic 1965-1992",2,"Winter","Virginian"
"421","Larus argentatus","Laridae",-70,39.1333,1972,"PIROP Northwest Atlantic 1965-1992",2,"Winter","Virginian"
"422","Larus argentatus","Laridae",-70.0667,39.4667,1972,"PIROP Northwest Atlantic 1965-1992",2,"Winter","Virginian"
"423","Larus argentatus","Laridae",-70,39,1972,"PIROP Northwest Atlantic 1965-1992",2,"Winter","Virginian"
"424","Larus argentatus","Laridae",-70.5,39.2167,1972,"PIROP Northwest Atlantic 1965-1992",2,"Winter","Virginian"
"425","Larus argentatus","Laridae",-70,39.1333,1972,"PIROP Northwest Atlantic 1965-1992",2,"Winter","Virginian"
"426","Larus argentatus","Laridae",-70.0667,39.4667,1972,"PIROP Northwest Atlantic 1965-1992",2,"Winter","Virginian"
"427","Larus argentatus","Laridae",-70,39,1972,"PIROP Northwest Atlantic 1965-1992",2,"Winter","Virginian"
"428","Larus argentatus","Laridae",-70,39,1972,"PIROP Northwest Atlantic 1965-1992",2,"Winter","Virginian"
"429","Larus argentatus","Laridae",-70.05,39.4167,1972,"PIROP Northwest Atlantic 1965-1992",2,"Winter","Virginian"
"430","Larus argentatus","Laridae",-70,39.1333,1972,"PIROP Northwest Atlantic 1965-1992",2,"Winter","Virginian"
"431","Larus argentatus","Laridae",-69.6167,38.4167,1972,"PIROP Northwest Atlantic 1965-1992",2,"Winter","Virginian"
"432","Larus argentatus","Laridae",-70,39,1972,"PIROP Northwest Atlantic 1965-1992",2,"Winter","Virginian"
"433","Larus argentatus","Laridae",-70,39.1333,1972,"PIROP Northwest Atlantic 1965-1992",2,"Winter","Virginian"
"434","Larus argentatus","Laridae",-70.5,39.2167,1972,"PIROP Northwest Atlantic 1965-1992",2,"Winter","Virginian"
"435","Larus argentatus","Laridae",-70.5,39.25,1972,"PIROP Northwest Atlantic 1965-1992",2,"Winter","Virginian"
"436","Larus argentatus","Laridae",-69.6333,38.4667,1972,"PIROP Northwest Atlantic 1965-1992",2,"Winter","Virginian"
"437","Larus argentatus","Laridae",-70,39,1972,"PIROP Northwest Atlantic 1965-1992",2,"Winter","Virginian"
"438","Larus argentatus","Laridae",-70,39,1972,"PIROP Northwest Atlantic 1965-1992",2,"Winter","Virginian"
"439","Larus argentatus","Laridae",-70.5,39.1833,1972,"PIROP Northwest Atlantic 1965-1992",2,"Winter","Virginian"
"440","Larus argentatus","Laridae",-70,39.1333,1972,"PIROP Northwest Atlantic 1965-1992",2,"Winter","Virginian"
"441","Larus argentatus","Laridae",-70.05,39.45,1972,"PIROP Northwest Atlantic 1965-1992",2,"Winter","Virginian"
"442","Larus argentatus","Laridae",-70.5,39.1833,1972,"PIROP Northwest Atlantic 1965-1992",2,"Winter","Virginian"
"443","Larus argentatus","Laridae",-70,39,1972,"PIROP Northwest Atlantic 1965-1992",2,"Winter","Virginian"
"444","Larus argentatus","Laridae",-70,39,1972,"PIROP Northwest Atlantic 1965-1992",2,"Winter","Virginian"
"445","Larus argentatus","Laridae",-69.6167,38.45,1972,"PIROP Northwest Atlantic 1965-1992",2,"Winter","Virginian"
"446","Larus argentatus","Laridae",-70.5,39.2167,1972,"PIROP Northwest Atlantic 1965-1992",2,"Winter","Virginian"
"447","Larus argentatus","Laridae",-70.05,39.45,1972,"PIROP Northwest Atlantic 1965-1992",2,"Winter","Virginian"
"448","Larus argentatus","Laridae",-70.05,39.4167,1972,"PIROP Northwest Atlantic 1965-1992",2,"Winter","Virginian"
"449","Larus argentatus","Laridae",-70,39,1972,"PIROP Northwest Atlantic 1965-1992",2,"Winter","Virginian"
"450","Larus marinus","Laridae",-70,39.1333,1972,"PIROP Northwest Atlantic 1965-1992",2,"Winter","Virginian"
"451","Larus marinus","Laridae",-70,39,1972,"PIROP Northwest Atlantic 1965-1992",2,"Winter","Virginian"
"452","Larus marinus","Laridae",-70,39,1972,"PIROP Northwest Atlantic 1965-1992",2,"Winter","Virginian"
"453","Larus marinus","Laridae",-70,39,1972,"PIROP Northwest Atlantic 1965-1992",2,"Winter","Virginian"
"454","Morus bassanus","Sulidae",-70,39,1972,"PIROP Northwest Atlantic 1965-1992",2,"Winter","Virginian"
"455","Morus bassanus","Sulidae",-70.2667,39.8833,1972,"PIROP Northwest Atlantic 1965-1992",2,"Winter","Virginian"
"456","Rissa tridactyla","Laridae",-70.25,39.8667,1972,"PIROP Northwest Atlantic 1965-1992",2,"Winter","Virginian"
"457","Rissa tridactyla","Laridae",-70.2667,39.8833,1972,"PIROP Northwest Atlantic 1965-1992",2,"Winter","Virginian"
"458","Rissa tridactyla","Laridae",-70.0667,39.4667,1972,"PIROP Northwest Atlantic 1965-1992",2,"Winter","Virginian"
"459","Rissa tridactyla","Laridae",-70,39.1333,1972,"PIROP Northwest Atlantic 1965-1992",2,"Winter","Virginian"
"460","Rissa tridactyla","Laridae",-70.0667,39.4667,1972,"PIROP Northwest Atlantic 1965-1992",2,"Winter","Virginian"
"461","Rissa tridactyla","Laridae",-70,39.1333,1972,"PIROP Northwest Atlantic 1965-1992",2,"Winter","Virginian"
"462","Rissa tridactyla","Laridae",-70,39,1972,"PIROP Northwest Atlantic 1965-1992",2,"Winter","Virginian"
"463","Rissa tridactyla","Laridae",-70.05,39.45,1972,"PIROP Northwest Atlantic 1965-1992",2,"Winter","Virginian"
"464","Rissa tridactyla","Laridae",-70.05,39.4167,1972,"PIROP Northwest Atlantic 1965-1992",2,"Winter","Virginian"
"465","Rissa tridactyla","Laridae",-70,39,1972,"PIROP Northwest Atlantic 1965-1992",2,"Winter","Virginian"
"466","Rissa tridactyla","Laridae",-70,39,1972,"PIROP Northwest Atlantic 1965-1992",2,"Winter","Virginian"
"467","Rissa tridactyla","Laridae",-70,39.1333,1972,"PIROP Northwest Atlantic 1965-1992",2,"Winter","Virginian"
